label	日本語	English	意味（どんな悩み・希望か）
pet	ペットと住める	pets allowed	犬・猫などと一緒に住みたい
cheap	家賃おさえめ	lower rent	家賃や初期費用を安くしたい、お金に余裕がない
single	ひとり暮らし向け	for one	ひとり暮らし・単身・学生・新社会人
two	ふたり暮らし向け	for two	カップル・夫婦・同棲・友だちとルームシェア
family	家族向け	family size	子ども・家族で住む、部屋数がほしい
station	駅から近い	near a station	駅近・通勤通学を楽にしたい
security	防犯がしっかり	good security	オートロック・防犯・治安・女性のひとり暮らし
bath	バス・トイレ別	separate bath	お風呂とトイレを分けたい
net	ネットが使いやすい	good internet	ネット無料・回線が速い・ゲームや配信
work	在宅ワーク	work from home	家で仕事や勉強をする、作業スペースがほしい
wide	広め	spacious	広い部屋・収納・荷物が多い
parcel	宅配ボックス	parcel box	通販をよく使う・不在が多い
parking	駐車場	parking	車やバイクを持っている
soon	すぐ入居できる	move in soon	急いでいる・すぐ引っ越したい
sunny	日当たり	sunny	日当たり・明るさ・洗濯物
quiet	静か	quiet	騒音が気になる・静かに暮らしたい
remote	遠くから内見	view from afar	遠方に住んでいる・忙しくて内見に行けない
worry	不安・迷い	worried	はじめてで不安・わからない・迷っている
