labels	text
pet	猫と一緒に住みたいです
pet	犬を飼っているので、ペット可の物件がいい
pet	ねこ2匹いるんだけど住めるところある？
pet	ペットOKの部屋を探しています
pet	うちの子（トイプードル）も一緒に引っ越したい
pet	小型犬可の物件はありますか
pet	ハムスター飼ってても大丈夫なところ
pet	うさぎを飼いたいと思ってる
pet	いつか保護猫を迎えたいので動物OKがいい
pet	ペット相談可だとうれしい
pet	猫を連れていきたい
pet	愛犬と暮らせるおうち
pet	インコを飼ってます
pet	ネコ飼育可のマンション
pet	動物と住める賃貸がなかなか見つからない
pet	犬と猫がいます
pet	フェレットがいるんですが
pet	ペット不可だと困る
pet	猫ちゃんと住める部屋を教えて
pet	わんこ連れでも住めるとこ
pet	多頭飼いできる部屋
pet	ペット飼育可能な物件希望
cheap	家賃はできるだけ安くしたい
cheap	お金があまりないので安い部屋がいい
cheap	予算が少なめです
cheap	とにかく家賃をおさえたい
cheap	初期費用をおさえたい
cheap	敷金礼金なしがいい
cheap	学生なので高い家賃は払えない
cheap	節約したいので家賃は低めで
cheap	コスパのいい部屋
cheap	なるべく安いところを教えてください
cheap	給料が少ないので家賃が心配
cheap	仕送りが少ないから安めの部屋
cheap	家賃が高すぎると生活が苦しい
cheap	月々の支払いを減らしたい
cheap	格安の物件ある？
cheap	低予算で住めるところ
cheap	お手頃な家賃のところがいい
cheap	固定費を下げたい
cheap	今より家賃を下げたい
cheap	安くていい部屋ないかな
single	はじめて一人暮らしをします
single	ひとり暮らし用の部屋を探してる
single	単身赴任で住む部屋
single	大学入学で上京します
single	社会人1年目で家を出る
single	実家を出てひとりで住みたい
single	一人で住むのにちょうどいい広さ
single	学生向けの部屋
single	専門学校に通うための部屋
single	就職を機にひとり暮らし
single	自分一人だけで住む予定です
single	ワンルームでいい
single	1人用の部屋
single	新生活をはじめる
single	寮を出て一人で暮らしたい
single	ソロ暮らしにぴったりの部屋
single	おひとりさま向けの物件
single	一人暮らしデビュー
two	彼女と同棲する部屋を探しています
two	結婚するのでふたりで住む部屋
two	夫婦二人で住みます
two	カップル向けの部屋
two	彼氏と一緒に住む予定
two	2人暮らしにちょうどいい間取り
two	新婚なので二人用の部屋
two	パートナーと住みたい
two	友だちとルームシェアしたい
two	恋人と暮らす家
two	二人入居可の物件
two	ふたり暮らしを始めます
two	妻と二人で引っ越す
two	同居人がいます
two	ふたりで住めるくらいの広さ
family	子どもが生まれるので広い家に
family	家族4人で住める物件
family	子育てしやすいところ
family	ファミリー向けのマンション
family	小学生の子どもがいます
family	子供部屋がほしい
family	親と同居する予定
family	赤ちゃんがいるので
family	家族で引っ越します
family	子どもが2人いる
family	3人家族です
family	部屋数が多いほうがいい
family	保育園に通わせたい
family	子連れでも住みやすいところ
family	両親と一緒に住む
station	駅から近いところがいい
station	駅近の物件
station	通勤が楽なところ
station	電車通学なので駅のそばがいい
station	駅まで歩いてすぐ
station	毎日電車に乗るので駅チカ希望
station	最寄り駅から遠いのはいや
station	駅前に住みたい
station	通学に便利な場所
station	乗り換えが楽な駅の近く
station	雨の日も駅まで近いと助かる
station	終電で帰っても駅から近いと安心
station	駅まで徒歩圏内
station	交通の便がいいところ
station	バスに乗らずに駅に行ける
security	オートロック付きがいい
security	女性のひとり暮らしなので防犯が気になる
security	セキュリティがしっかりした物件
security	治安のいい場所
security	夜道が怖いので安心できるところ
security	防犯カメラがあると安心
security	物騒なところはいや
security	2階以上がいい、防犯的に
security	モニター付きインターホンがほしい
security	空き巣が心配
security	知らない人が入ってこないマンション
security	管理人がいると安心
security	安全に暮らしたい
bath	バスとトイレは別がいい
bath	ユニットバスはいやです
bath	お風呂とトイレが分かれている部屋
bath	風呂トイレ別
bath	湯船にゆっくりつかりたい
bath	セパレートのバスルーム
bath	トイレと浴室が一緒なのは嫌
bath	独立洗面台とバストイレ別
bath	お風呂が好きなのでちゃんとした浴室がいい
bath	3点ユニットは避けたい
net	ネット無料の物件
net	インターネットが速いところ
net	オンラインゲームをするので回線が大事
net	Wi-Fi付きがいい
net	配信をしているので通信環境が気になる
net	光回線が使える部屋
net	ネット代がかからないところ
net	動画をよく見るのでネットは必須
net	回線工事なしですぐ使える
net	ゲーム実況するので回線速度が大事
net	無料WiFiがあると助かる
work	在宅ワークが多いです
work	テレワーク用の部屋がほしい
work	リモートワークなので仕事スペースが必要
work	家で仕事をすることが多い
work	作業部屋がほしい
work	デスクを置くスペースがほしい
work	フリーランスで家で働いてる
work	勉強に集中できる部屋
work	書斎がほしい
work	オンライン会議が多い
work	在宅勤務になったので引っ越したい
work	絵を描く仕事なので作業机を置きたい
work	資格の勉強をするので机がほしい
wide	広い部屋がいい
wide	荷物が多いので収納がほしい
wide	ゆったりした間取り
wide	今の部屋が狭すぎる
wide	大きいベッドを置きたい
wide	クローゼットが広いところ
wide	せまい部屋はいや
wide	広めのリビングがほしい
wide	服がたくさんあるので収納重視
wide	天井が高くて開放感のある部屋
wide	趣味の道具が多い
wide	ソファを置けるくらいの広さ
parcel	宅配ボックスがほしい
parcel	通販をよく使います
parcel	不在が多いので荷物の受け取りが心配
parcel	置き配できるところ
parcel	ネットで買い物をよくする
parcel	荷物をいつでも受け取りたい
parcel	再配達が面倒
parcel	仕事で家にいない時間が長いから宅配ボックス
parking	車を持っています
parking	駐車場付きの物件
parking	バイクを置きたい
parking	車通勤なので駐車場が必要
parking	マイカーがある
parking	駐輪場があるといい
parking	車を止められる場所
parking	バイク置き場がほしい
soon	すぐに入居したい
soon	急いで引っ越さないといけない
soon	来月から住みたい
soon	今月中に引っ越したい
soon	即入居できる部屋
soon	転勤が決まって急ぎです
soon	なるべく早く住みたい
soon	来週には引っ越したい
soon	退去日が迫っている
soon	すぐ住めるところ
sunny	日当たりがいい部屋
sunny	明るい部屋がいい
sunny	南向きの物件
sunny	洗濯物がよく乾くところ
sunny	暗い部屋は気分が落ちる
sunny	朝日が入る部屋
sunny	ベランダに日が当たる
sunny	日が入らない部屋はいや
sunny	観葉植物を育てたいので明るいところ
sunny	窓が大きい部屋
sunny	光がたくさん入る
quiet	静かなところに住みたい
quiet	騒音が気になる
quiet	隣の音がうるさいのはいや
quiet	線路の近くは避けたい
quiet	音に敏感です
quiet	閑静な住宅街がいい
quiet	大通り沿いはうるさそう
quiet	壁が厚いマンション
quiet	夜はぐっすり眠りたいので静かな環境
quiet	上の階の足音が気になる
quiet	楽器を弾くので防音がほしい
remote	遠くに住んでいて内見に行けない
remote	地方から引っ越すので現地に行けない
remote	忙しくて内見の時間がない
remote	海外から日本に引っ越します
remote	実家が遠いので親に部屋を見せたい
remote	行かずに部屋を見たい
remote	VRで内見したい
remote	何度も現地に行くのは大変
remote	離れた家族にも見てもらいたい
remote	オンラインで部屋を見たい
remote	上京前に部屋を決めたい
remote	仕事が忙しくて不動産屋に行けない
worry	はじめての部屋探しで不安です
worry	何から決めればいいかわからない
worry	どの部屋がいいか迷っている
worry	部屋探しって難しい
worry	失敗したくない
worry	いろいろ心配です
worry	よくわからないので教えてほしい
worry	悩んでいます
worry	決められなくて困ってる
worry	不動産屋さんと話すのが苦手
worry	どうしたらいいかな
worry	初めてなのでドキドキしてる
worry	だまされないか心配
-	こんにちは
-	よろしくお願いします
-	ありがとう
-	やどかりんって何？
-	このサイトの使い方を教えて
-	こんばんは
-	はじめまして
-	ありがとうございます、助かりました
-	ほかの部屋も見せて
-	もう少し考えます
-	どうも
-	はい
-	わかった
-	おすすめは？
-	ほかには？
-	いいね
-	なるほど
-	もっと教えて
-	やっぱりやめとく
-	OK
cheap,single	学生で一人暮らし、家賃は安いほうがいい
cheap,single	新社会人で給料が少ないので、安いワンルーム
pet,single	ひとり暮らしで猫を飼いたい
pet,two	彼氏と犬と一緒に住む部屋
pet,family	子どもと犬がいる家族です
pet,cheap	ペット可で家賃も安いところ
station,single	ひとり暮らしで駅から近い部屋
station,cheap	駅近だけど家賃はおさえたい
security,single	女性の一人暮らしなのでオートロックがいい
security,single,worry	はじめての一人暮らしで防犯が不安
security,station	夜遅くなるので駅から近くて安全なところ
bath,single	一人暮らしだけどお風呂とトイレは別がいい
net,work	在宅ワークなのでネット環境が大事
work,wide	在宅勤務で机を置くスペースがほしいので広めがいい
work,quiet	オンライン会議が多いので静かな部屋
work,two	ふたりともテレワークなので仕事部屋がほしい
parcel,work	在宅だけど通販が多いので宅配ボックスがほしい
parking,family	家族で車を使うので駐車場が必要
soon,single	急に一人暮らしすることになった
soon,worry	急いでいて何から探せばいいかわからない
sunny,single	明るいワンルームがいい
sunny,wide	日当たりがよくて広い部屋
quiet,sunny	静かで日当たりのいいところ
remote,single	地方から上京して一人暮らしを始める
remote,worry	遠くて内見に行けないので不安
remote,family	離れて住む親にも部屋を見てもらいたい
remote,two	彼女が遠くに住んでいて一緒に見に行けない
cheap,worry	お金に余裕がなくて不安
family,wide	子どもが大きくなってきたので広い家
family,quiet,sunny	子育てに静かで明るい環境がほしい
two,wide	ふたりなので広めのリビングがほしい
two,cheap	同棲するけど家賃はなるべくおさえたい
net,single	ゲームが好きな一人暮らし、回線が速いところ
pet,quiet	犬が鳴くので静かすぎないところがいい
security,parcel	一人暮らしの女性で、荷物は宅配ボックスで受け取りたい
station,work	週に何日か出社するので駅が近いとうれしい
bath,sunny	お風呂とトイレ別で明るい部屋
wide,parking	車があって荷物も多い
cheap,station,single	一人暮らしで駅近、でも家賃は安くしたい
pet,security,single	猫を飼っている一人暮らしの女性です、防犯も気になる
worry,single	初めてのひとり暮らしで何を基準に選べばいいかわからない
remote,soon	来月から引っ越すけど遠くて見に行けない
work,net,quiet	家で集中して仕事したいのでネットと静かさが大事
family,station	子どもの通学を考えて駅の近くがいい
quiet,single	一人暮らしで静かなところ
cheap,wide	安くて広いところってある？
pet	トイプードルを飼っています
pet	猫を2匹連れて引っ越す予定
pet	ペットが家族の一員なので一緒に住める家
pet	保護犬を迎えたばかりです
pet	実家で飼ってた猫を連れていきたい
pet	ペットと暮らせる部屋はある？
pet	小鳥を飼いたい
pet	爬虫類を飼っているけど大丈夫かな
pet	大型犬でも住めるところ
pet	犬の散歩がしやすい場所で、もちろんペット可
pet	猫がいるので爪とぎ対策もしたい
cheap	リーズナブルな部屋
cheap	お財布にやさしいところ
cheap	安価な物件
cheap	家賃は最低限でいい
cheap	手取りに対して家賃が高すぎる
cheap	生活費をおさえたいので家賃は低め
cheap	貯金したいので家賃を下げたい
cheap	奨学金を返しているので余裕がない
cheap	アルバイトの収入で払える家賃
cheap	とりあえず安いところに住みたい
cheap	初期費用が少ない物件
single	単身者向け
single	1Kくらいで十分
single	はじめての独り暮らし
single	大学の近くで一人で住む
single	親元を離れて暮らす
single	一人で住むのでコンパクトでいい
single	一人用の部屋がいい
single	社会人になって家を出る
single	独身なので一人部屋
single	地元を出てひとりで生活する
two	夫と住む部屋
two	妻と二人暮らし
two	婚約者と住む予定
two	パートナーと同居します
two	ふたりで暮らせる家
two	二人で住める広さがほしい
two	兄弟で一緒に住む
two	姉と二人で暮らす
two	カップルで住める部屋
family	娘が中学生です
family	息子と娘がいます
family	子どもの学校を考えて引っ越す
family	育児中なので広い部屋
family	三世代で住む
family	家族全員の部屋がほしい
family	子どもがもうすぐ生まれる
family	ベビーカーで出入りしやすいところ
family	子どもが走り回れる家
station	駅まで5分以内がいい
station	通勤にかかる時間を減らしたい
station	電車に乗りやすいところ
station	駅に近いとうれしい
station	毎日の通勤を楽にしたい
station	最寄駅から近いのが条件
station	駅から遠いと帰りが大変
station	通学時間を短くしたい
security	安全な部屋がいい
security	防犯がしっかりしたマンション
security	セキュリティ重視
security	夜でも安心して帰れるところ
security	女性専用でもいい
security	人通りが多い明るい道沿い
security	一階は防犯が心配
security	オートロックとカメラ付き
security	鍵がしっかりしている部屋
bath	お風呂は別々がいい
bath	バス・トイレ別は必須
bath	お風呂にゆっくり入りたい
bath	トイレが独立している部屋
bath	風呂とトイレ一緒はちょっと苦手
bath	浴槽がちゃんとある部屋
net	高速インターネット完備
net	ネット環境がいいところ
net	テレビよりネット派なので回線重視
net	Wi-Fi無料の物件
net	回線が遅いとストレス
net	オンライン授業があるのでネットが必要
work	家でパソコン作業をする
work	在宅で働けるスペース
work	リモート授業と在宅バイト
work	家に仕事机を置きたい
work	ワークスペースがある部屋
work	テレワークが週3日ある
work	在宅で仕事をしている
work	自宅で作業することが多い
wide	広さ重視
wide	ゆとりのある部屋
wide	荷物がいっぱいある
wide	物をたくさん置きたい
wide	狭いのは嫌
wide	大きな家具を置きたい
wide	収納がたくさんほしい
wide	広々とした部屋
parcel	宅配便をよく受け取る
parcel	荷物が多く届く
parcel	ネットショッピングをよくする
parcel	日中は家にいないので荷物が心配
parcel	宅配ロッカーがほしい
parcel	通販好きです
parking	車が必要な生活
parking	自家用車を置きたい
parking	駐車スペースがほしい
parking	バイク通勤です
parking	自転車を置く場所がほしい
parking	車庫付き
soon	早めに入居したい
soon	急ぎで探しています
soon	すぐ引っ越せるところ
soon	今すぐにでも住みたい
soon	入居日が早いほうがいい
soon	来月には住んでいたい
soon	時間がないので早く決めたい
sunny	日差しが入る部屋
sunny	採光がいい部屋
sunny	ひなたの部屋がいい
sunny	明るいリビング
sunny	日当たり良好
sunny	太陽の光が入るところ
sunny	布団を干したい
quiet	静かな部屋
quiet	音が気にならない環境
quiet	騒がしいのは嫌
quiet	生活音が響かないところ
quiet	静けさを大事にしたい
quiet	防音のしっかりした部屋
quiet	近所がにぎやかすぎないところ
remote	現地に行けない
remote	遠方からの引っ越し
remote	部屋を見に行く余裕がない
remote	来日前に部屋を決めたい
remote	離れて住む家族と一緒に部屋を見たい
remote	下見に行けないので画面で見たい
remote	スマホで部屋の中を見たい
remote	引っ越し先が遠くて見学できない
worry	はじめてでよくわからない
worry	部屋選びに自信がない
worry	何に気をつければいいか知りたい
worry	後悔しない部屋選びがしたい
worry	どれがいいか決められない
worry	不安なことが多い
worry	心配性なので慎重に選びたい
worry	部屋探しに疲れた
-	こんにちは！
-	お願いします
-	質問があります
-	だれ？
-	やっほー
-	おはよう
-	なにができるの？
-	うーん
-	またね
-	さようなら
family	家族5人でちょうどいい広さ
family	5人家族にちょうどいい広さの家
family	家族5人で住める部屋
family	家族6人で暮らしたい
family	4人で住める広さがほしい
family	5人で住める家を探しています
family	3人で住める部屋
family	親子3人で暮らす
family	夫婦と子ども1人の3人暮らし
family	大人2人と子ども2人です
family	両親と私の3人で引っ越す
family	子どもが生まれて3人家族になる
family	三世代で住める家
family	子ども部屋がほしい
family	家族みんなでゆったり住みたい
family	4人家族にちょうどいい間取り
family	6人で住みたい
family	家族が多いので部屋数がほしい
family	親と同居する予定です
family	息子と娘がいます
wide,family	家族5人なので広めの家がいい
cheap,family	4人家族で家賃はおさえたい
pet,family	犬を飼っている4人家族です
two	2人で住める広さがいい
two	ふたりにちょうどいい広さ
two	彼女と2人で住む予定
two	友達とふたりでルームシェア
two	夫婦2人暮らしです
two	2人入居できる部屋
single	1人で住む部屋
single	ひとりにちょうどいい広さ
single	自分だけで住みます
